{
    "frames":{
        "spred": {
            "frame":{ "x":940,"y":712,"w":83,"h":83 },
            "rotated":false,
            "trimmed":false,
            "spriteSourceSize":{ "x":0,"y":0,"w":83,"h":83 },
            "sourceSize":{ "w":83,"h":83 }
        },
        "notebutton_up_150": {
            "frame":{ "x":0,"y":944,"w":194,"h":62 },
            "rotated":false,
            "trimmed":false,
            "spriteSourceSize":{ "x":0,"y":0,"w":194,"h":62 },
            "sourceSize":{ "w":194,"h":62 }
        },
        "i_slower": {
            "frame":{ "x":776,"y":608,"w":128,"h":128 },
            "rotated":false,
            "trimmed":false,
            "spriteSourceSize":{ "x":0,"y":0,"w":128,"h":128 },
            "sourceSize":{ "w":128,"h":128 }
        },
        "chordfinger": {
            "frame":{ "x":956,"y":796,"w":66,"h":66 },
            "rotated":false,
            "trimmed":false,
            "spriteSourceSize":{ "x":0,"y":0,"w":66,"h":66 },
            "sourceSize":{ "w":66,"h":66 }
        },
        "sinecurve_30": {
            "frame":{ "x":560,"y":748,"w":30,"h":40 },
            "rotated":false,
            "trimmed":false,
            "spriteSourceSize":{ "x":0,"y":0,"w":30,"h":40 },
            "sourceSize":{ "w":30,"h":40 }
        },
        "notebutton_up_0": {
            "frame":{ "x":408,"y":1096,"w":44,"h":62 },
            "rotated":false,
            "trimmed":false,
            "spriteSourceSize":{ "x":0,"y":0,"w":44,"h":62 },
            "sourceSize":{ "w":44,"h":62 }
        },
        "rectangle": {
            "frame":{ "x":592,"y":608,"w":182,"h":128 },
            "rotated":false,
            "trimmed":false,
            "spriteSourceSize":{ "x":0,"y":0,"w":182,"h":128 },
            "sourceSize":{ "w":182,"h":128 }
        },
        "i_metronome_on": {
            "frame":{ "x":296,"y":748,"w":128,"h":128 },
            "rotated":false,
            "trimmed":false,
            "spriteSourceSize":{ "x":0,"y":0,"w":128,"h":128 },
            "sourceSize":{ "w":128,"h":128 }
        },
        "notebutton_up_250": {
            "frame":{ "x":0,"y":748,"w":294,"h":62 },
            "rotated":false,
            "trimmed":false,
            "spriteSourceSize":{ "x":0,"y":0,"w":294,"h":62 },
            "sourceSize":{ "w":294,"h":62 }
        },
        "notebutton_up_66": {
            "frame":{ "x":824,"y":1080,"w":110,"h":62 },
            "rotated":false,
            "trimmed":false,
            "spriteSourceSize":{ "x":0,"y":0,"w":110,"h":62 },
            "sourceSize":{ "w":110,"h":62 }
        },
        "chordbutton_down": {
            "frame":{ "x":84,"y":1116,"w":32,"h":66 },
            "rotated":false,
            "trimmed":false,
            "spriteSourceSize":{ "x":0,"y":0,"w":32,"h":66 },
            "sourceSize":{ "w":32,"h":66 }
        },
        "spdarkgreen": {
            "frame":{ "x":940,"y":1000,"w":83,"h":83 },
            "rotated":false,
            "trimmed":false,
            "spriteSourceSize":{ "x":0,"y":0,"w":83,"h":83 },
            "sourceSize":{ "w":83,"h":83 }
        },
        "sinecurve_250": {
            "frame":{ "x":188,"y":584,"w":250,"h":160 },
            "rotated":false,
            "trimmed":false,
            "spriteSourceSize":{ "x":0,"y":0,"w":250,"h":160 },
            "sourceSize":{ "w":250,"h":160 }
        },
        "i_music_on": {
            "frame":{ "x":428,"y":748,"w":128,"h":128 },
            "rotated":false,
            "trimmed":false,
            "spriteSourceSize":{ "x":0,"y":0,"w":128,"h":128 },
            "sourceSize":{ "w":128,"h":128 }
        },
        "i_restart": {
            "frame":{ "x":560,"y":804,"w":128,"h":128 },
            "rotated":false,
            "trimmed":false,
            "spriteSourceSize":{ "x":0,"y":0,"w":128,"h":128 },
            "sourceSize":{ "w":128,"h":128 }
        },
        "sinecurve_60": {
            "frame":{ "x":956,"y":864,"w":60,"h":70 },
            "rotated":false,
            "trimmed":false,
            "spriteSourceSize":{ "x":0,"y":0,"w":60,"h":70 },
            "sourceSize":{ "w":60,"h":70 }
        },
        "notebutton_up_200": {
            "frame":{ "x":652,"y":936,"w":244,"h":62 },
            "rotated":false,
            "trimmed":false,
            "spriteSourceSize":{ "x":0,"y":0,"w":244,"h":62 },
            "sourceSize":{ "w":244,"h":62 }
        },
        "spgrey": {
            "frame":{ "x":236,"y":1012,"w":83,"h":83 },
            "rotated":false,
            "trimmed":false,
            "spriteSourceSize":{ "x":0,"y":0,"w":83,"h":83 },
            "sourceSize":{ "w":83,"h":83 }
        },
        "chordbutton_up": {
            "frame":{ "x":120,"y":1116,"w":32,"h":66 },
            "rotated":false,
            "trimmed":false,
            "spriteSourceSize":{ "x":0,"y":0,"w":32,"h":66 },
            "sourceSize":{ "w":32,"h":66 }
        },
        "roundbutton": {
            "frame":{ "x":696,"y":0,"w":300,"h":300 },
            "rotated":false,
            "trimmed":false,
            "spriteSourceSize":{ "x":0,"y":0,"w":300,"h":300 },
            "sourceSize":{ "w":300,"h":300 }
        },
        "roundframe": {
            "frame":{ "x":800,"y":1000,"w":138,"h":76 },
            "rotated":false,
            "trimmed":false,
            "spriteSourceSize":{ "x":0,"y":0,"w":138,"h":76 },
            "sourceSize":{ "w":138,"h":76 }
        },
        "sporange": {
            "frame":{ "x":148,"y":1008,"w":84,"h":84 },
            "rotated":false,
            "trimmed":false,
            "spriteSourceSize":{ "x":0,"y":0,"w":84,"h":84 },
            "sourceSize":{ "w":84,"h":84 }
        },
        "chordbox": {
            "frame":{ "x":0,"y":420,"w":187,"h":295 },
            "rotated":false,
            "trimmed":false,
            "spriteSourceSize":{ "x":0,"y":0,"w":187,"h":295 },
            "sourceSize":{ "w":187,"h":295 }
        },
        "circle": {
            "frame":{ "x":488,"y":1012,"w":36,"h":36 },
            "rotated":false,
            "trimmed":false,
            "spriteSourceSize":{ "x":0,"y":0,"w":36,"h":36 },
            "sourceSize":{ "w":36,"h":36 }
        },
        "sinecurve_150": {
            "frame":{ "x":440,"y":584,"w":150,"h":160 },
            "rotated":false,
            "trimmed":false,
            "spriteSourceSize":{ "x":0,"y":0,"w":150,"h":160 },
            "sourceSize":{ "w":150,"h":160 }
        },
        "notebutton_up_100": {
            "frame":{ "x":0,"y":1008,"w":144,"h":62 },
            "rotated":false,
            "trimmed":false,
            "spriteSourceSize":{ "x":0,"y":0,"w":144,"h":62 },
            "sourceSize":{ "w":144,"h":62 }
        },
        "notebutton_up_25": {
            "frame":{ "x":336,"y":1096,"w":69,"h":62 },
            "rotated":false,
            "trimmed":false,
            "spriteSourceSize":{ "x":0,"y":0,"w":69,"h":62 },
            "sourceSize":{ "w":69,"h":62 }
        },
        "spbrown": {
            "frame":{ "x":320,"y":1012,"w":83,"h":83 },
            "rotated":false,
            "trimmed":false,
            "spriteSourceSize":{ "x":0,"y":0,"w":83,"h":83 },
            "sourceSize":{ "w":83,"h":83 }
        },
        "roundrect": {
            "frame":{ "x":652,"y":1000,"w":144,"h":74 },
            "rotated":false,
            "trimmed":false,
            "spriteSourceSize":{ "x":0,"y":0,"w":144,"h":74 },
            "sourceSize":{ "w":144,"h":74 }
        },
        "sinecurve_200": {
            "frame":{ "x":492,"y":420,"w":200,"h":160 },
            "rotated":false,
            "trimmed":false,
            "spriteSourceSize":{ "x":0,"y":0,"w":200,"h":160 },
            "sourceSize":{ "w":200,"h":160 }
        },
        "spgreen": {
            "frame":{ "x":404,"y":1012,"w":83,"h":83 },
            "rotated":false,
            "trimmed":false,
            "spriteSourceSize":{ "x":0,"y":0,"w":83,"h":83 },
            "sourceSize":{ "w":83,"h":83 }
        },
        "string": {
            "frame":{ "x":84,"y":1096,"w":249,"h":19 },
            "rotated":false,
            "trimmed":false,
            "spriteSourceSize":{ "x":0,"y":0,"w":249,"h":19 },
            "sourceSize":{ "w":249,"h":19 }
        },
        "spblack": {
            "frame":{ "x":488,"y":1068,"w":83,"h":83 },
            "rotated":false,
            "trimmed":false,
            "spriteSourceSize":{ "x":0,"y":0,"w":83,"h":83 },
            "sourceSize":{ "w":83,"h":83 }
        },
        "spblue": {
            "frame":{ "x":0,"y":1072,"w":83,"h":83 },
            "rotated":false,
            "trimmed":false,
            "spriteSourceSize":{ "x":0,"y":0,"w":83,"h":83 },
            "sourceSize":{ "w":83,"h":83 }
        },
        "notebutton_up_75": {
            "frame":{ "x":900,"y":936,"w":119,"h":62 },
            "rotated":false,
            "trimmed":false,
            "spriteSourceSize":{ "x":0,"y":0,"w":119,"h":62 },
            "sourceSize":{ "w":119,"h":62 }
        },
        "rail": {
            "frame":{ "x":1000,"y":0,"w":17,"h":117 },
            "rotated":false,
            "trimmed":false,
            "spriteSourceSize":{ "x":0,"y":0,"w":17,"h":117 },
            "sourceSize":{ "w":17,"h":117 }
        },
        "sinecurve_120": {
            "frame":{ "x":528,"y":936,"w":120,"h":130 },
            "rotated":false,
            "trimmed":false,
            "spriteSourceSize":{ "x":0,"y":0,"w":120,"h":130 },
            "sourceSize":{ "w":120,"h":130 }
        },
        "notebutton_up_40": {
            "frame":{ "x":936,"y":1084,"w":84,"h":62 },
            "rotated":false,
            "trimmed":false,
            "spriteSourceSize":{ "x":0,"y":0,"w":84,"h":62 },
            "sourceSize":{ "w":84,"h":62 }
        },
        "notebutton_up_300": {
            "frame":{ "x":592,"y":740,"w":344,"h":62 },
            "rotated":false,
            "trimmed":false,
            "spriteSourceSize":{ "x":0,"y":0,"w":344,"h":62 },
            "sourceSize":{ "w":344,"h":62 }
        },
        "sinecurve_300": {
            "frame":{ "x":188,"y":420,"w":300,"h":160 },
            "rotated":false,
            "trimmed":false,
            "spriteSourceSize":{ "x":0,"y":0,"w":300,"h":160 },
            "sourceSize":{ "w":300,"h":160 }
        },
        "dstring": {
            "frame":{ "x":0,"y":716,"w":143,"h":25 },
            "rotated":false,
            "trimmed":false,
            "spriteSourceSize":{ "x":0,"y":0,"w":143,"h":25 },
            "sourceSize":{ "w":143,"h":25 }
        },
        "arrow": {
            "frame":{ "x":696,"y":304,"w":300,"h":300 },
            "rotated":false,
            "trimmed":false,
            "spriteSourceSize":{ "x":0,"y":0,"w":300,"h":300 },
            "sourceSize":{ "w":300,"h":300 }
        },
        "i_play_on": {
            "frame":{ "x":692,"y":804,"w":128,"h":128 },
            "rotated":false,
            "trimmed":false,
            "spriteSourceSize":{ "x":0,"y":0,"w":128,"h":128 },
            "sourceSize":{ "w":128,"h":128 }
        },
        "notebutton_up_10": {
            "frame":{ "x":196,"y":944,"w":54,"h":62 },
            "rotated":false,
            "trimmed":false,
            "spriteSourceSize":{ "x":0,"y":0,"w":54,"h":62 },
            "sourceSize":{ "w":54,"h":62 }
        },
        "sinecurve_90": {
            "frame":{ "x":908,"y":608,"w":90,"h":100 },
            "rotated":false,
            "trimmed":false,
            "spriteSourceSize":{ "x":0,"y":0,"w":90,"h":100 },
            "sourceSize":{ "w":90,"h":100 }
        },
        "i_normal": {
            "frame":{ "x":824,"y":804,"w":128,"h":128 },
            "rotated":false,
            "trimmed":false,
            "spriteSourceSize":{ "x":0,"y":0,"w":128,"h":128 },
            "sourceSize":{ "w":128,"h":128 }
        },
        "i_play_off": {
            "frame":{ "x":0,"y":812,"w":128,"h":128 },
            "rotated":false,
            "trimmed":false,
            "spriteSourceSize":{ "x":0,"y":0,"w":128,"h":128 },
            "sourceSize":{ "w":128,"h":128 }
        },
        "background": {
            "frame":{ "x":0,"y":0,"w":694,"h":417 },
            "rotated":false,
            "trimmed":false,
            "spriteSourceSize":{ "x":0,"y":0,"w":694,"h":417 },
            "sourceSize":{ "w":694,"h":417 }
        },
        "spmagenta": {
            "frame":{ "x":572,"y":1076,"w":83,"h":83 },
            "rotated":false,
            "trimmed":false,
            "spriteSourceSize":{ "x":0,"y":0,"w":83,"h":83 },
            "sourceSize":{ "w":83,"h":83 }
        },
        "spyellow": {
            "frame":{ "x":656,"y":1076,"w":83,"h":83 },
            "rotated":false,
            "trimmed":false,
            "spriteSourceSize":{ "x":0,"y":0,"w":83,"h":83 },
            "sourceSize":{ "w":83,"h":83 }
        },
        "i_metronome_off": {
            "frame":{ "x":132,"y":812,"w":128,"h":128 },
            "rotated":false,
            "trimmed":false,
            "spriteSourceSize":{ "x":0,"y":0,"w":128,"h":128 },
            "sourceSize":{ "w":128,"h":128 }
        },
        "i_faster": {
            "frame":{ "x":264,"y":880,"w":128,"h":128 },
            "rotated":false,
            "trimmed":false,
            "spriteSourceSize":{ "x":0,"y":0,"w":128,"h":128 },
            "sourceSize":{ "w":128,"h":128 }
        },
        "i_music_off": {
            "frame":{ "x":396,"y":880,"w":128,"h":128 },
            "rotated":false,
            "trimmed":false,
            "spriteSourceSize":{ "x":0,"y":0,"w":128,"h":128 },
            "sourceSize":{ "w":128,"h":128 }
        },
        "spcyan": {
            "frame":{ "x":740,"y":1080,"w":83,"h":83 },
            "rotated":false,
            "trimmed":false,
            "spriteSourceSize":{ "x":0,"y":0,"w":83,"h":83 },
            "sourceSize":{ "w":83,"h":83 }
        }
    },
    "meta":{
        "app":"Paul Robson's Python texture packer",
        "version":"1.0",
        "image":"sprites.png",
        "size":{
             "w":1024,
             "h":1184
         },
         "scale":1
    }
}
