{
"title":"",
"tempo":"60",
"beats":"2",
"composer":"debussy",
"capo":"0",
"instrument":"ukulele",
"tuning":"g3,c4,e4,a4",
"bars":[
    "----,04;----,04",
    "---f,01;---d,02;---f,01;---a,02;---f,02",
    "---d,01;---a,02;--d-,01;-d--,02;--d-,02",
    "-c--,01;-c--,02;--a-,01;-c--,02;---f,02",
    "-c--,08",
    "-c--,01;-a--,02;-c--,01;--a-,02;-a--,02",
    "-c--,01;-a--,02;-c--,01;-d--,02;-a--,02",
    "---f,01;---c,02;---a,01;--d-,02;--c-,02",
    "--a-,04;----,04",
    "---f,01;---d,02;---f,01;---a,02;---f,02",
    "---d,01;---a,02;--d-,01;-d--,02;--d-,02",
    "-c--,01;-c--,02;--a-,01;-c--,02;---f,02",
    "-c--,08",
    "-c--,01;-a--,02;-c--,01;--a-,02;-a--,02",
    "-c--,01;-a--,02;-c--,01;-d--,02;-a--,02",
    "-c--,01;e---,02;c---,01;a---,04"
]
}