{
"title":"",
"tempo":"80",
"beats":"4",
"composer":"tarrega arr zaw",
"capo":"0",
"instrument":"ukulele",
"tuning":"g3,c4,e4,a4",
"bars":[
    "----,04;----,04;----,04;----,04",
    "--a-,06;--c-,02;--d-,06;--f-,02",
    "--d-,02;--c-,02;--d-,02;--a-,02;--c-,06;--d-,02",
    "--c-,02;--a-,02;--c-,02;-c--,02;--a-,06;-d--,02",
    "e---,16",
    "--h-,06;--i-,02;---f,06;---h,02",
    "---f,02;--i-,02;---f,02;--h-,02;--i-,06;---f,02",
    "--i-,02;--h-,02;--i-,02;--f-,02;--h-,06;--g-,02",
    "igh-,16",
    "--a-,06;--c-,02;--d-,06;--f-,02",
    "--d-,02;--c-,02;--d-,02;--a-,02;--c-,06;--d-,02",
    "--c-,02;--a-,02;--c-,02;-c--,02;--a-,06;-d--,02",
    "e---,16",
    "-ed-,06;--ba,02;--dc,06;--fd,02",
    "--dc,02;-cba,02;--dc,02;-aa-,02;--ba,06;--dc,02",
    "-ed-,02;-dc-,02;-ed-,02;-ed-,02;-ed-,04;-dc-,04",
    "--a-,16"
]
}