{
"title":"",
"tempo":"80",
"beats":"4",
"composer":"zoe-anne wadey",
"capo":"0",
"instrument":"ukulele",
"tuning":"g3,c4,e4,a4",
"bars":[
    "----,04;----,04;----,04;----,04",
    "--ba,06;---b,02;c--d,04;---a,04",
    "-cd-,04;c---,04;-ab-,04;c---,04",
    "-ed-,06;---a,02;-cd-,04;-c--,04",
    "d-d-,04;c---,04;a---,04;-e--,04",
    "--ba,04;--d-,02;---b,02;c--d,04;---a,04",
    "-ed-,04;-a--,04;-cb-,04;-a--,04",
    "d-d-,06;---a,02;-ad-,04;-e--,02;--b-,02",
    "c-b-,04;c---,04;-a--,04;--b-,04",
    "--db,04;--ba,04;--db,04;--fd,04",
    "--gf,04;---f,04;--ba,08",
    "c--d,04;---a,04;d-d-,04;--b-,04",
    "-aa-,04;-c--,04;-d--,04;-e--,04",
    "--ba,06;---b,02;-e-d,04;---a,04",
    "-cd-,04;-a--,04;d-b-,04;c---,04",
    "d-d-,04;---a,04;-ad-,04;-e--,02;--b-,02",
    "d-b-,04;a---,04;c---,08"
]
}