{
"title":"",
"tempo":"80",
"beats":"3",
"composer":"zoe-anne wadey",
"capo":"0",
"instrument":"ukulele",
"tuning":"g3,c4,e4,a4",
"bars":[
    "----,04;----,04;--b-,03;---a,01",
    "c--d,04;---d,04;-a-d,03;---b,01",
    "-c-a,04;--b-,04;-a-a,04",
    "-c-b,04;-ad-,04;d-a-,04",
    "c-b-,08;--b-,03;---a,01",
    "c--d,04;---d,04;-a-d,03;---b,01",
    "-c-a,04;--b-,04;-a-a,02;---a,02",
    "-c-b,04;-ad-,04;d-a-,04",
    "c-b-,08;--b-,02;---a,02",
    "--fd,04;--fd,04;--gf,03;---h,01",
    "--ki,02;---i,02;--fd,04;--dd,04",
    "-f-d,04;--fd,04;--gf,03;---h,01",
    "h--i,08;--b-,03;---a,01",
    "c--d,04;---d,04;-a-d,03;---b,01",
    "-c-a,04;--b-,04;-a-a,04",
    "-c-b,04;-ad-,04;d-a-,04",
    "c-b-,08;--d-,04",
    "aad-,08;--d-,04",
    "caba,08;--b-,03;---a,01",
    "c--d,04;---d,04;-a-d,03;---b,01",
    "-c-a,04;--b-,04;-a-a,04",
    "-c-b,04;-ad-,04;a-a-,04",
    "d-b-,04;c---,08"
]
}