{
"title":"",
"tempo":"140",
"beats":"3",
"composer":"zoe-anne wadey",
"capo":"0",
"instrument":"ukulele",
"tuning":"g3,c4,e4,a4",
"bars":[
    "----,04;----,04;---d,04",
    "-abd,08;---a,04",
    "dc-b,08;---d,04",
    "-aba,04;--d-,04;--b-,04",
    "dad-,08;--a-,04",
    "ccb-,08;--b-,04",
    "-cd-,04;---a,04;---b,04",
    "da-a,08;--d-,04",
    "-ab-,08;---d,04",
    "-abd,08;---a,04",
    "dc-b,08;---d,04",
    "-aba,04;--d-,04;--b-,04",
    "dad-,08;--a-,04",
    "ccb-,08;--b-,04",
    "-cd-,04;---a,04;---b,04",
    "da-a,08;--d-,04",
    "c-b-,12",
    "-ad-,12",
    "d-d-,08;--b-,04",
    "c-d-,04;---a,04;a--b,04",
    "-c-d,04;---b,04;-c-a,04",
    "-ad-,08;-a--,04",
    "d---,08;d---,04",
    "c--d,12",
    "d--f,12",
    "c--d,12",
    "a--b,08;---a,04",
    "-ad-,04;--b-,04;-ad-,04",
    "-ab-,08;-e--,04",
    "-fb-,04;-e--,04;-f--,04",
    "-ad-,12",
    "d-d-,08;--b-,04",
    "c-d-,04;---a,04;a--b,04",
    "-c-d,04;---b,04;-c-a,04",
    "-ad-,08;-a--,04",
    "d---,08;d---,04",
    "c--d,12",
    "d--f,12",
    "c--d,12",
    "--db,08;---a,04",
    "-ad-,04;--b-,04;-ad-,04",
    "c-b-,12",
    "----,04;----,04;----,04"
]
}