{
"title":"",
"tempo":"100",
"beats":"3",
"composer":"zoe-anne wadey",
"capo":"0",
"instrument":"ukulele",
"tuning":"g3,c4,e4,a4",
"bars":[
    "----,04;----,04;-a--,04",
    "-ab-,04;--a-,04;-ab-,04",
    "-ed-,04;---a,04;-e-b,04",
    "-c-d,04;---b,04;-c-a,04",
    "-ed-,08;---a,04",
    "-ab-,04;--a-,04;-cb-,04",
    "-ed-,04;---a,04;a--b,04",
    "-a-d,04;---b,04;--ba,04",
    "-ad-,08;---a,02;---b,02",
    "-abd,08;---a,04",
    "-cdb,08;---a,04",
    "-cd-,04;--b-,04;---a,04",
    "-ad-,08;-a--,04",
    "-cb-,08;-ed-,04",
    "--ba,04;--db,04;--fd,04",
    "d--b,04;---a,04;-ad-,04",
    "c-b-,08;---a,04",
    "-cd-,08;---a,02;---b,02",
    "-abd,12",
    "-c-a,04;--b-,04;---a,04",
    "-cd-,08;---a,04",
    "-ad-,08;---a,04",
    "aad-,08;-a--,04",
    "-ab-,04;--a-,04;-cd-,04",
    "-a-a,04;d--b,04;c--d,04",
    "d--b,04;---a,04;-ad-,04",
    "c-b-,08;----,04"
]
}