{
"title":"",
"tempo":"80",
"beats":"2",
"composer":"zoe-anne wadey (additional material by prokofiev)",
"capo":"0",
"instrument":"ukulele",
"tuning":"g3,c4,e4,a4",
"bars":[
    "----,04;----,04",
    "----,04;---a,04",
    "---f,02;---e,02;---c,02;---e,02",
    "---f,04;---c,04",
    "---a,04;---c,04",
    "--c-,04;---a,04",
    "---c,02;---a,02;--d-,04",
    "---f,04;---e,02;---f,02",
    "---a,08",
    "----,04;--d-,02;--c-,02",
    "--a-,04;---c,04",
    "---a,04;--d-,04",
    "---a,02;--d-,02;--c-,02;--d-,02",
    "---a,04;---f,02;---c,02",
    "--d-,04;--c-,02;--d-,02",
    "---a,04;---a,04",
    "---f,08",
    "----,04;---f,04",
    "---a,06;---f,02",
    "---a,02;---f,02;---a,02;---b,02",
    "---d,04;---b,02;---a,02",
    "---b,04;---f,04",
    "---a,06;---f,02",
    "---a,06;---f,02",
    "---a,02;---f,02;---a,02;---b,02",
    "---d,08",
    "----,04;---b,02;---a,02",
    "---b,04;---f,04",
    "---a,04;--g-,02;--g-,02",
    "--j-,02;--g-,02;-g--,02;-g--,02",
    "---g,02;--h-,02;--h-,02;-g--,02",
    "--j-,02;--g-,02;-g--,02;--g-,02",
    "---g,02;----,02;---g,02;--h-,02",
    "--h-,02;--j-,02;--g-,02;-g--,02",
    "---g,02;--h-,02;--h-,02;-g--,02",
    "--j-,02;--g-,02;-g--,02;--g-,02",
    "---g,02;----,02;---a,04",
    "---f,02;---e,02;---c,02;---e,02",
    "---f,04;---c,04",
    "---a,04;---c,04",
    "--c-,04;---a,04",
    "---c,02;---a,02;--d-,04",
    "---f,04;---e,02;---f,02",
    "---a,08",
    "----,04;--d-,02;--c-,02",
    "--a-,04;---c,04",
    "---a,04;--d-,04",
    "---a,02;--d-,02;--c-,02;--d-,02",
    "---a,04;---f,02;---c,02",
    "--d-,04;--c-,02;--d-,02",
    "---a,04;---a,04",
    "---f,08"
]
}