{
"title":"",
"tempo":"120",
"beats":"3",
"composer":"zoe-anne wadey",
"capo":"0",
"instrument":"ukulele",
"tuning":"g3,c4,e4,a4",
"bars":[
    "----,04;----,04;----,04",
    "-c-a,08;--d-,04",
    "-cb-,08;-c--,04",
    "-aa-,04;--b-,04;--a-,04",
    "cc--,12",
    "-c-a,08;--d-,04",
    "ccb-,08;-c--,04",
    "-aa-,04;--b-,04;--a-,04",
    "cc--,12",
    "-ab-,08;--b-,04",
    "-ad-,08;--d-,04",
    "-aba,08;---a,04",
    "--fd,04;--db,04;--ba,04",
    "-ad-,04;---a,04;--d-,04",
    "ccb-,08;-aa-,04",
    "cc--,12",
    "-aa-,08;--d-,04",
    "c-b-,08;--b-,04",
    "c-b-,08;-a--,04",
    "d-b-,08;-c--,04",
    "c-b-,12",
    "c-b-,08;--b-,04",
    "c-b-,08;-a--,04",
    "d-b-,08;-c--,04",
    "c-b-,12",
    "-cb-,08;--b-,04",
    "-ed-,08;---a,04",
    "-c-b,08;---a,04",
    "-ad-,08;---a,04",
    "c-b-,08;--b-,04",
    "c-b-,08;-a--,04",
    "d-b-,08;-c--,04",
    "c-b-,12"
]
}