{
    "beats":"3",
    "capo":"0",
    "composer":"zoe-anne wadey",
    "options":"ukulele",
    "string0":"g3",
    "string1":"c4",
    "string2":"e4",
    "string3":"a4",
    "strings":"4",
    "tempo":"140",
    "title":"i saw three ships",
    "version":"1",
    "bars":[
        "----12;----12;-a--12",
        "c-b-24;--b-12",
        "-ed-24;---a12",
        "-c-d24;---a12",
        "-ad-24;---b12",
        "--ba24;--b-12",
        "-eb-24;---a12",
        "-cd-24;--a-12",
        "aa--24;-a--12",
        "c-b-24;--b-12",
        "-ed-24;---a12",
        "-c-d24;---a12",
        "-ad-24;---b12",
        "--ba24;--b-12",
        "-cb-12;--d-12;---a12",
        "-ad-24;d---12",
        "c-b-36"
    ]
}
