{
    "beats":"4",
    "capo":"0",
    "composer":"zoe-anne wadey",
    "options":"ukulele",
    "string0":"g3",
    "string1":"c4",
    "string2":"e4",
    "string3":"a4",
    "strings":"4",
    "tempo":"80",
    "title":"in the bleak midwinter",
    "version":"1",
    "bars":[
        "----12;----12;----12;----12",
        "--ba18;---b06;c--d12;---a12",
        "-cd-12;c---12;-ab-12;c---12",
        "-ed-18;---a06;-cd-12;-c--12",
        "d-d-12;c---12;a---12;-e--12",
        "--ba12;--d-06;---b06;c--d12;---a12",
        "-ed-12;-a--12;-cb-12;-a--12",
        "d-d-18;---a06;-ad-12;-e--06;--b-06",
        "c-b-12;c---12;-a--12;--b-12",
        "--db12;--ba12;--db12;--fd12",
        "--gf12;---f12;--ba24",
        "c--d12;---a12;d-d-12;--b-12",
        "-aa-12;-c--12;-d--12;-e--12",
        "--ba18;---b06;-e-d12;---a12",
        "-cd-12;-a--12;d-b-12;c---12",
        "d-d-12;---a12;-ad-12;-e--06;--b-06",
        "d-b-12;a---12;c---24"
    ]
}
