{
    "beats":"3",
    "capo":"0",
    "composer":"zoe-anne wadey",
    "options":"ukulele",
    "string0":"g3",
    "string1":"c4",
    "string2":"e4",
    "string3":"a4",
    "strings":"4",
    "tempo":"80",
    "title":"sans day carol",
    "version":"1",
    "bars":[
        "----12;----12;--b-09;---a03",
        "c--d12;---d12;-a-d09;---b03",
        "-c-a12;--b-12;-a-a12",
        "-c-b12;-ad-12;d-a-12",
        "c-b-24;--b-09;---a03",
        "c--d12;---d12;-a-d09;---b03",
        "-c-a12;--b-12;-a-a06;---a06",
        "-c-b12;-ad-12;d-a-12",
        "c-b-24;--b-06;---a06",
        "--fd12;--fd12;--gf09;---h03",
        "--ki06;---i06;--fd12;--dd12",
        "-f-d12;--fd12;--gf09;---h03",
        "h--i24;--b-09;---a03",
        "c--d12;---d12;-a-d09;---b03",
        "-c-a12;--b-12;-a-a12",
        "-c-b12;-ad-12;d-a-12",
        "c-b-24;--d-12",
        "aad-24;--d-12",
        "caba24;--b-09;---a03",
        "c--d12;---d12;-a-d09;---b03",
        "-c-a12;--b-12;-a-a12",
        "-c-b12;-ad-12;a-a-12",
        "d-b-12;c---24"
    ]
}
