{
    "beats":"3",
    "capo":"0",
    "composer":"zoe-anne wadey",
    "options":"ukulele",
    "string0":"g3",
    "string1":"c4",
    "string2":"e4",
    "string3":"a4",
    "strings":"4",
    "tempo":"80",
    "title":"silent night",
    "version":"1",
    "bars":[
        "----12;----12;----12",
        "-ad-12;-e--06;---a06;a-d-12",
        "-aa-12;-c--12;-a--12",
        "-ad-12;-e--06;---a06;a-d-12",
        "-aa-12;-c--12;-a--12",
        "--df12;-c--12;--df12",
        "--dc12;-c--12;--b-12",
        "-a-d12;--a-12;a--d12",
        "-ad-12;-c--12;-e--12",
        "--ba12;c---12;-a-a12",
        "--bd12;c---06;---c06;-a-a12",
        "-ad-12;-e--06;---a06;a-d-12",
        "-aa-12;-e--12;a---12",
        "--ba12;c---12;-a-a12",
        "--bd12;c---06;---c06;-a-a12",
        "-ad-12;-e--06;---a06;a-d-12",
        "-aa-12;-e--12;a---12",
        "--df12;-c--12;--df12",
        "e--i12;-h--06;---f06;--bc12",
        "-a-d12;-e--12;a---12",
        "-a-h12;--a-12;-h--12",
        "-a-d12;-ed-12;a-a-12",
        "-cd-12;a---06;--b-06;ec--12",
        "-m--12;--m-12;m---12",
        "-m--36"
    ]
}
