{
    "beats":"4",
    "capo":"0",
    "composer":"zoe-anne wadey (and tchaikovsky)",
    "options":"ukulele",
    "string0":"g3",
    "string1":"c4",
    "string2":"e4",
    "string3":"a4",
    "strings":"4",
    "tempo":"110",
    "title":"sugar plum fairies",
    "version":"1",
    "bars":[
        "----12;---k06;--m-06;---k06;----06;---j06;----06",
        "--l-06;----06;--m-06;----06;--k-06;--k-06;--k-06;----06",
        "--j-06;--j-06;--j-06;----06;--i-06;--i-06;--i-06;----06",
        "--h-06;---h06;--i-06;---h06;--h-06;----06;---h03;---f03;--i-03;--h-03",
        "--g-06;----06;---k06;---h06;---k06;----06;---j06;----06",
        "--i-06;----06;--h-06;----06;---k06;---k06;---k06;----06",
        "---j06;---j06;---j06;----06;---h06;---h06;---h06;----06",
        "--l-06;---j06;--m-06;---j06;--l-06;----06;---c03;---a03;--d-03;--c-03",
        "--a-06;----06;---k06;--m-06;---k06;----06;---j06;----06",
        "--l-06;----06;--m-06;----06;--k-06;--k-06;--k-06;----06",
        "--j-06;--j-06;--j-06;----06;--i-06;--i-06;--i-06;----06",
        "--h-06;---h06;--i-06;---h06;--h-06;----06;--d-03;--c-03;--a-03;-c--03",
        "-b--06;----06;---h06;--j-06;---h06;----06;---g06;----06",
        "--h-06;----06;-ehf06;--h-06;---f06;----06;---e06;----06",
        "--f-06;----06;-cfd06;--f-06;---d06;----06;---c06;----06",
        "---d06;----06;-lca03;--l-03;--o-03;---o03;--m-06;----06;--m-06;----06"
    ]
}
