{
    "beats":"3",
    "capo":"0",
    "composer":"zoe-anne wadey",
    "options":"ukulele",
    "string0":"g3",
    "string1":"c4",
    "string2":"e4",
    "string3":"a4",
    "strings":"4",
    "tempo":"140",
    "title":"sussex carol",
    "version":"1",
    "bars":[
        "----12;----12;---d12",
        "-abd24;---a12",
        "dc-b24;---d12",
        "-aba12;--d-12;--b-12",
        "dad-24;--a-12",
        "ccb-24;--b-12",
        "-cd-12;---a12;---b12",
        "da-a24;--d-12",
        "-ab-24;---d12",
        "-abd24;---a12",
        "dc-b24;---d12",
        "-aba12;--d-12;--b-12",
        "dad-24;--a-12",
        "ccb-24;--b-12",
        "-cd-12;---a12;---b12",
        "da-a24;--d-12",
        "c-b-36",
        "-ad-36",
        "d-d-24;--b-12",
        "c-d-12;---a12;a--b12",
        "-c-d12;---b12;-c-a12",
        "-ad-24;-a--12",
        "d---24;d---12",
        "c--d36",
        "d--f36",
        "c--d36",
        "a--b24;---a12",
        "-ad-12;--b-12;-ad-12",
        "-ab-24;-e--12",
        "-fb-12;-e--12;-f--12",
        "-ad-36",
        "d-d-24;--b-12",
        "c-d-12;---a12;a--b12",
        "-c-d12;---b12;-c-a12",
        "-ad-24;-a--12",
        "d---24;d---12",
        "c--d36",
        "d--f36",
        "c--d36",
        "--db24;---a12",
        "-ad-12;--b-12;-ad-12",
        "c-b-36",
        "----12;----12;----12"
    ]
}
