{
    "beats":"3",
    "capo":"0",
    "composer":"zoe-anne wadey",
    "options":"ukulele",
    "string0":"g3",
    "string1":"c4",
    "string2":"e4",
    "string3":"a4",
    "strings":"4",
    "tempo":"100",
    "title":"tomorrow shall be my dancing day",
    "version":"1",
    "bars":[
        "----12;----12;-a--12",
        "-ab-12;--a-12;-ab-12",
        "-ed-12;---a12;-e-b12",
        "-c-d12;---b12;-c-a12",
        "-ed-24;---a12",
        "-ab-12;--a-12;-cb-12",
        "-ed-12;---a12;a--b12",
        "-a-d12;---b12;--ba12",
        "-ad-24;---a06;---b06",
        "-abd24;---a12",
        "-cdb24;---a12",
        "-cd-12;--b-12;---a12",
        "-ad-24;-a--12",
        "-cb-24;-ed-12",
        "--ba12;--db12;--fd12",
        "d--b12;---a12;-ad-12",
        "c-b-24;---a12",
        "-cd-24;---a06;---b06",
        "-abd36",
        "-c-a12;--b-12;---a12",
        "-cd-24;---a12",
        "-ad-24;---a12",
        "aad-24;-a--12",
        "-ab-12;--a-12;-cd-12",
        "-a-a12;d--b12;c--d12",
        "d--b12;---a12;-ad-12",
        "c-b-24;----12"
    ]
}
