{
    "beats":"2",
    "capo":"0",
    "composer":"zoe-anne wadey (additonal material by prokofiev)",
    "options":"ukulele",
    "string0":"g3",
    "string1":"c4",
    "string2":"e4",
    "string3":"a4",
    "strings":"4",
    "tempo":"80",
    "title":"troike",
    "version":"1",
    "bars":[
        "----12;----12",
        "----12;---a12",
        "---f06;---e06;---c06;---e06",
        "---f12;---c12",
        "---a12;---c12",
        "--c-12;---a12",
        "---c06;---a06;--d-12",
        "---f12;---e06;---f06",
        "---a24",
        "----12;--d-06;--c-06",
        "--a-12;---c12",
        "---a12;--d-12",
        "---a06;--d-06;--c-06;--d-06",
        "---a12;---f06;---c06",
        "--d-12;--c-06;--d-06",
        "---a12;---a12",
        "---f24",
        "----12;---f12",
        "---a18;---f06",
        "---a06;---f06;---a06;---b06",
        "---d12;---b06;---a06",
        "---b12;---f12",
        "---a18;---f06",
        "---a18;---f06",
        "---a06;---f06;---a06;---b06",
        "---d24",
        "----12;---b06;---a06",
        "---b12;---f12",
        "---a12;--g-06;--g-06",
        "--j-06;--g-06;-g--06;-g--06",
        "---g06;--h-06;--h-06;-g--06",
        "--j-06;--g-06;-g--06;--g-06",
        "---g06;----06;---g06;--h-06",
        "--h-06;--j-06;--g-06;-g--06",
        "---g06;--h-06;--h-06;-g--06",
        "--j-06;--g-06;-g--06;--g-06",
        "---g06;----06;---a12",
        "---f06;---e06;---c06;---e06",
        "---f12;---c12",
        "---a12;---c12",
        "--c-12;---a12",
        "---c06;---a06;--d-12",
        "---f12;---e06;---f06",
        "---a24",
        "----12;--d-06;--c-06",
        "--a-12;---c12",
        "---a12;--d-12",
        "---a06;--d-06;--c-06;--d-06",
        "---a12;---f06;---c06",
        "--d-12;--c-06;--d-06",
        "---a12;---a12",
        "---f24"
    ]
}
