{
    "beats":"3",
    "capo":"0",
    "composer":"zoe-anne wadey",
    "options":"ukulele",
    "string0":"g3",
    "string1":"c4",
    "string2":"e4",
    "string3":"a4",
    "strings":"4",
    "tempo":"120",
    "title":"we three kings",
    "version":"1",
    "bars":[
        "----12;----12;----12",
        "-c-a24;--d-12",
        "-cb-24;-c--12",
        "-aa-12;--b-12;--a-12",
        "cc--36",
        "-c-a24;--d-12",
        "ccb-24;-c--12",
        "-aa-12;--b-12;--a-12",
        "cc--36",
        "-ab-24;--b-12",
        "-ad-24;--d-12",
        "-aba24;---a12",
        "--fd12;--db12;--ba12",
        "-ad-12;---a12;--d-12",
        "ccb-24;-aa-12",
        "cc--36",
        "-aa-24;--d-12",
        "c-b-24;--b-12",
        "c-b-24;-a--12",
        "d-b-24;-c--12",
        "c-b-36",
        "c-b-24;--b-12",
        "c-b-24;-a--12",
        "d-b-24;-c--12",
        "c-b-36",
        "-cb-24;--b-12",
        "-ed-24;---a12",
        "-c-b24;---a12",
        "-ad-24;---a12",
        "c-b-24;--b-12",
        "c-b-24;-a--12",
        "d-b-24;-c--12",
        "c-b-36"
    ]
}
