{
"title":"",
"tempo":"60",
"beats":"2",
"composer":"",
"capo":"0",
"instrument":"ukulele",
"tuning":"g3,c4,e4,a4",
"bars":[
    "----,04;----,02;-c--,02",
    "--d-,02;-c--,02;--d-,02;---a,02",
    "---c,02;---d,01;---c,01;---a,02;---c,01;---d,01",
    "---f,02;--d-,02;---c,01;---a,01;--d-,01;--c-,01",
    "--d-,06;-c--,02",
    "--d-,02;-c--,02;--d-,02;---a,02",
    "---c,02;---d,01;---c,01;---a,02;---c,01;---d,01",
    "---f,02;--d-,02;---c,01;---a,01;--d-,01;--c-,01",
    "--d-,06;---c,01;---d,01",
    "---f,03;---h,01;---f,02;---d,02",
    "---c,01;---a,01;---c,01;---d,01;---f,02;---f,02",
    "---h,02;---h,02;---f,01;---d,01;---c,01;---a,01",
    "--d-,04;--c-,02;-c--,02",
    "--d-,02;--c-,01;--d-,01;---a,02;--d-,01;---a,01",
    "---c,02;---a,01;---c,01;---d,02;---c,01;---d,01",
    "---f,02;--d-,02;---c,01;---a,01;--d-,01;--c-,01",
    "--d-,08"
]
}