{
"title":"",
"tempo":"80",
"beats":"4",
"composer":"",
"capo":"0",
"instrument":"ukulele",
"tuning":"g3,c4,e4,a4",
"bars":[
    "----,04;----,04;----,04;---c,02;---a,02",
    "--d-,02;---c,02;-c--,04;-c--,04;--a-,02;--c-,02",
    "--d-,04;--d-,04;--d-,06;---a,02",
    "---c,02;---a,02;--d-,02;---a,02;---c,02;---a,02;--d-,02;---a,02",
    "---c,04;--a-,04;--a-,04;---c,02;---a,02",
    "--d-,02;---c,02;-c--,04;-c--,04;--a-,02;--c-,02",
    "--d-,04;--d-,04;--d-,06;--k-,02",
    "---h,02;--k-,02;---h,02;---j,02;---k,04;--k-,02;--i-,02",
    "--h-,04;-h--,04;-h--,08",
    "--k-,04;--k-,04;---k,02;---j,02;---h,02;--k-,02",
    "--h-,04;--k-,04;--k-,06;---c,02",
    "---a,02;--d-,02;---a,02;---c,02;---d,02;---c,02;---a,02;--d-,02",
    "---a,04;--a-,04;--a-,04;--c-,02;--a-,02",
    "--d-,02;---c,02;-c--,04;-c--,04;--a-,02;--c-,02",
    "--d-,04;--d-,04;--d-,06;--k-,02",
    "---h,02;--k-,02;---h,02;---j,02;---k,04;--k-,02;--i-,02",
    "--h-,04;-h--,04;-h--,08"
]
}