{
"title":"",
"tempo":"80",
"beats":"4",
"composer":"",
"capo":"0",
"instrument":"ukulele",
"tuning":"g3,c4,e4,a4",
"bars":[
    "--a-,04;---c,04;---c,04;---a,02;---c,02",
    "--d-,04;--a-,04;--a-,08",
    "---a,04;---a,02;--d-,02;--c-,04;--c-,02;--a-,02",
    "-c--,02;--a-,02;--c-,02;---a,02;--d-,04;--a-,04",
    "--a-,04;---c,04;---c,04;---a,02;---c,02",
    "--d-,04;--a-,04;--a-,08",
    "---a,04;---a,02;--d-,02;--c-,04;--c-,02;--a-,02",
    "-c--,02;--a-,02;--c-,02;-c--,02;--a-,08",
    "--a-,02;--c-,02;--d-,02;--c-,02;--a-,02;--c-,02;--d-,02;--c-,02",
    "--a-,02;--c-,02;--d-,02;---a,02;---c,04;--d-,04",
    "-c--,02;--a-,02;--c-,02;--a-,02;-c--,06;--a-,02",
    "--c-,04;---a,04;--d-,04;--c-,04",
    "--a-,02;--c-,02;--d-,02;--c-,02;--a-,02;--c-,02;--d-,02;--c-,02",
    "--a-,02;--c-,02;--d-,02;---a,02;---c,04;--d-,04",
    "-c--,02;--a-,02;--c-,02;--a-,02;-c--,06;---a,02",
    "--d-,04;--c-,04;--a-,08"
]
}