{
"title":"",
"tempo":"100",
"beats":"3",
"composer":"tarrega arr zaw",
"capo":"0",
"instrument":"ukulele",
"tuning":"g3,c4,e4,a4",
"bars":[
    "----,04;----,04;----,04",
    "-c--,12",
    "--a-,12",
    "--a-,12",
    "--c-,12",
    "--c-,08;--d-,04",
    "--d-,08;--c-,04",
    "--c-,01;--a-,11",
    "----,04;----,04;----,04",
    "--a-,12",
    "--c-,08;--d-,04",
    "---c,12",
    "---a,12",
    "---f,02;---d,02;--a-,04;--c-,04",
    "---c,02;---a,02;-a--,04;-c--,04",
    "---a,02;--d-,02;e---,04;-c--,04",
    "a---,12",
    "-c--,12",
    "--a-,12",
    "--a-,12",
    "--c-,12",
    "--c-,12",
    "--d-,12",
    "---f,12",
    "---d,12",
    "---a,12",
    "---d,12",
    "---c,12",
    "-c--,12",
    "--a-,12",
    "---a,12",
    "ecd-,12"
]
}