{
"title":"",
"tempo":"100",
"beats":"3",
"composer":"debussy",
"capo":"0",
"instrument":"ukulele",
"tuning":"g3,c4,e4,a4",
"bars":[
    "----,04;----,04;-c--,04",
    "--d-,04;--d-,02;---a,02;--d-,02;--c-,02",
    "--a-,04;--a-,04;--a-,04",
    "---a,04;---a,02;---c,02;---a,02;--d-,02",
    "--c-,04;--c-,04;--c-,04",
    "---c,04;---c,02;---d,02;---c,02;---a,02",
    "--d-,04;--a-,04;-c--,02;-c--,02",
    "--a-,04;---a,04;--c-,04",
    "--d-,08;-c--,04",
    "--d-,04;--d-,04;--d-,04",
    "--c-,08;--c-,04",
    "--d-,04;--c-,04;--a-,04",
    "-c--,08;---a,04",
    "---c,04;---a,02;---a,02;--d-,02;--d-,02",
    "---f,04;-c--,04;-c--,02;-c--,02",
    "--a-,04;---a,04;--c-,04",
    "--d-,12"
]
}