{
"title":"",
"tempo":"80",
"beats":"3",
"composer":"zoe-anne wadey",
"capo":"0",
"instrument":"ukulele",
"tuning":"g3,c4,e4,a4",
"bars":[
    "----,04;----,04;----,04",
    "a---,02;c---,02;e---,02;c---,02;e---,02;-a--,02",
    "e---,02;-a--,02;-c--,02;-a--,02;-c--,02;--a-,02",
    "-c--,02;--a-,02;--c-,02;--a-,02;--c-,02;--d-,02",
    "--c-,02;--d-,02;---a,02;--d-,02;---a,02;---c,02",
    "---a,02;---c,02;---d,02;---c,02;---d,02;---f,02",
    "---d,02;---f,02;---h,02;---f,02;---h,02;---j,02",
    "---h,02;---j,02;---k,02;---j,02;---k,02;---m,02",
    "---k,02;---j,02;---h,02;---j,02;---h,02;---f,02",
    "---h,02;---f,02;---d,02;---f,02;---d,02;---c,02",
    "---d,02;---c,02;---a,02;---c,02;---a,02;--d-,02",
    "---a,02;--d-,02;--c-,02;--d-,02;--c-,02;--a-,02",
    "--c-,02;--a-,02;-c--,02;--a-,02;-c--,02;-a--,02",
    "-c--,02;-a--,02;e---,02;-a--,02;e---,02;c---,02",
    "a---,02;e---,02;-c--,02;--d-,02;-c--,02;e---,02",
    "a---,12"
]
}