{
"title":"",
"tempo":"80",
"beats":"4",
"composer":"zoe-anne wadey",
"capo":"0",
"instrument":"ukulele",
"tuning":"g3,c4,e4,a4",
"bars":[
    "----,04;----,04;----,08",
    "a---,04;e---,04;c---,04;-a--,04",
    "e---,04;-c--,04;-a--,04;--a-,04",
    "-c--,04;--c-,04;--a-,04;--d-,04",
    "--c-,04;---a,04;--d-,04;---c,04",
    "---a,04;---d,04;---c,04;---f,04",
    "---d,04;---h,04;---f,04;---j,04",
    "---h,04;---k,04;---j,04;---m,04",
    "---k,04;---h,04;---j,04;---f,04",
    "---h,04;---d,04;---f,04;---c,04",
    "---d,04;---a,04;---c,04;--d-,04",
    "---a,04;--c-,04;--d-,04;--a-,04",
    "--c-,04;-c--,04;--a-,04;-a--,04",
    "-c--,04;e---,04;-a--,04;c---,04",
    "a---,04;e---,04;-c--,04;e---,04",
    "a---,16"
]
}