{
"title":"",
"tempo":"40",
"beats":"3",
"composer":"eric satie",
"capo":"0",
"instrument":"ukulele",
"tuning":"g3,c4,e4,a4",
"bars":[
    "----,04;----,04;----,04",
    "----,02;---c,02;---f,02;---d,02;---c,02;--c-,02",
    "--a-,02;--c-,02;--d-,02;-c--,06",
    "e---,12",
    "----,04;----,04;----,04",
    "----,02;---c,02;---f,02;---d,02;---c,02;--c-,02",
    "--a-,02;--c-,02;--d-,02;-c--,06",
    "--c-,06;---c,06",
    "c---,12",
    "----,04;----,04;----,04",
    "-c--,02;--a-,02;--b-,02;---a,02;--d-,02;--a-,02",
    "--d-,02;--b-,02;--a-,02;--d-,06",
    "----,04;--d-,02;---a,02;---b,02;---d,02",
    "---f,02;--b-,02;--d-,02;---a,02;--d-,02;--a-,02",
    "--d-,10;--d-,02",
    "---d,06;---b,06",
    "--a-,02;--b-,02;---b,02;---a,02;--d-,02;--b-,02",
    "---a,02;--d-,02;--b-,02;d---,06",
    "c-b-,06;a-d-,06"
]
}