{
"title":"",
"tempo":"80",
"beats":"3",
"composer":"holst",
"capo":"0",
"instrument":"ukulele",
"tuning":"g3,c4,e4,a4",
"bars":[
    "----,04;----,04;-aa-,02;--d-,02",
    "--ba,06;---d,02;--bc,03;--d-,01",
    "--dd,02;---f,02;---d,04;--dc,04",
    "--ba,02;---c,02;---a,04;--d-,04",
    "--a-,08;--a-,02;--d-,02",
    "---a,06;---d,02;--bc,03;--d-,01",
    "--dd,02;---f,02;---h,04;---h,04",
    "---h,02;---f,02;---d,04;---f,04",
    "--dd,08;-ad-,02;--a-,02",
    "-c--,04;-c--,04;-a--,02;--a-,02",
    "-c--,04;a---,04;-ad-,02;--a-,02",
    "-c--,04;-c--,04;--a-,02;--d-,02",
    "--ba,08;--ba,02;---c,02",
    "--ad,04;---c,04;--ba,04",
    "-ad-,04;--bd,04;-aa-,04",
    "cc--,02;-a--,02;-c--,04;c-a-,04",
    "-cd-,08;-aa-,02;--d-,02",
    "--ba,06;---d,02;--bc,03;--d-,01",
    "--dd,02;---f,02;---d,04;--dc,04",
    "--ba,02;---c,02;---a,04;--d-,04",
    "--a-,08;--a-,02;--d-,02",
    "---a,06;---d,02;--bc,03;--d-,01",
    "--dd,02;---f,02;---h,04;---h,04",
    "---h,02;---f,02;---d,04;---f,04",
    "--dd,12"
]
}