{
"title":"",
"tempo":"100",
"beats":"4",
"composer":"traditional",
"capo":"0",
"instrument":"ukulele",
"tuning":"g3,c4,e4,a4",
"bars":[
    "---d,04;---d,04;---c,02;---d,02;---f,04",
    "---a,08;--d-,08",
    "--b-,04;--b-,04;--a-,02;--b-,02;--d-,04",
    "-c--,16",
    "--a-,04;--a-,04;--c-,02;--d-,04;---a,02",
    "---f,08;--d-,08",
    "---d,04;---d,04;---d,02;---c,04;---a,02",
    "--d-,16",
    "---d,04;---d,04;---c,02;---d,02;---f,04",
    "---a,08;--d-,08",
    "--b-,04;--b-,04;--a-,02;--b-,02;--d-,04",
    "-c--,08;e---,08",
    "--a-,04;--a-,04;--c-,02;--d-,04;---a,02",
    "---f,08;--d-,08",
    "---i,04;---i,04;---i,02;---h,04;---f,02",
    "---h,04;----,04;----,04;----,04",
    "---a,06;---a,02;---c,02;---d,04;---f,02",
    "--d-,08;--ad,08",
    "-a--,04;-a--,04;--b-,02;--a-,04;-c--,02",
    "-a--,16"
]
}