{
"title":"",
"tempo":"70",
"beats":"4",
"composer":"traditional",
"capo":"0",
"instrument":"ukulele",
"tuning":"g3,c4,e4,a4",
"bars":[
    "--d-,10;---a,02;--c-,02;--a-,02",
    "-c--,04;--a-,02;--c-,02;--c-,02;--a-,02;--a-,04",
    "---c,10;---d,02;---a,02;--d-,02",
    "--c-,04;--d-,02;---a,04;--c-,02;--d-,02;--c-,02",
    "--a-,04;--c-,02;--d-,04;---a,02;--c-,02;--a-,02",
    "--c-,04;----,02;-a-a,02;e-c-,02;-aa-,06",
    "e-c-,04;---c,08;---c,04",
    "fedc,01;---c,09;---a,02;---f,02;---c,02",
    "-ccc,04;--f-,04;e-d-,04;c-f-,04",
    "ee--,10;-c--,02;a-d-,02;--c-,02",
    "-e--,02;e---,02;-c-c,02;-e--,02;bcc-,04;f-a-,02;c---,02",
    "ecc-,16"
]
}