{
"title":"",
"tempo":"70",
"beats":"3",
"composer":"traditional",
"capo":"0",
"instrument":"ukulele",
"tuning":"g3,c4,e4,a4",
"bars":[
    "---k,04;---j,04;--h-,04",
    "---h,04;--k-,04;-h--,04",
    "---a,10;---c,02",
    "---d,12",
    "--a-,08;--c-,02;--d-,02",
    "---a,02;---c,02;---d,02;---f,02;---h,02;---j,02",
    "---o,12",
    "----,12",
    "---k,04;---j,04;--h-,04",
    "---h,04;--k-,04;-h--,04",
    "---b,10;---c,02",
    "---e,12",
    "-g--,06;-i--,02;-k--,02;-l--,02",
    "--j-,02;--k-,02;--m-,02;---j,02;---l,02;---n,02",
    "---r,12",
    "----,12",
    "----,12",
    "---h,04;---j,04;--k-,04",
    "---k,12"
]
}