{
"title":"",
"tempo":"100",
"beats":"4",
"composer":"",
"capo":"0",
"instrument":"ukulele",
"tuning":"g3,c4,e4,a4",
"bars":[
    "----,04;----,04;----,04;----,04",
    "-e--,02;-e--,02;---h,02;---h,02;---f,02;---f,02;--h-,02;--h-,02",
    "-e--,02;-e--,02;---h,02;---h,02;---f,02;---f,02;--h-,02;--h-,02",
    "-e--,02;-e--,02;---h,02;---h,02;---f,02;---f,02;--h-,02;--h-,02",
    "-e--,02;-e--,02;---h,02;---h,02;---f,02;---f,02;--h-,02;--h-,02",
    "-e--,02;-e--,02;---h,02;---h,02;---f,02;---f,02;--h-,02;--h-,02",
    "-e--,02;-e--,02;---h,02;---h,02;---f,02;---f,02;--h-,02;--h-,02",
    "-e--,02;-e--,02;---h,02;---h,02;---f,02;---f,02;--h-,02;--h-,02",
    "-e--,02;-e--,02;---h,02;---h,02;---f,02;---f,02;--h-,02;--h-,02",
    "-e--,02;-e--,02;---h,02;---h,02;---f,02;---f,02;--h-,02;--h-,02",
    "-e--,02;-e--,02;---h,02;---h,02;---f,02;---f,02;--h-,02;--h-,02",
    "-e--,02;-e--,02;---h,02;---h,02;---f,02;---f,02;--h-,02;--h-,02",
    "-e--,02;-e--,02;---h,02;---h,02;---f,02;---f,02;--h-,02;--h-,02",
    "aedc,16",
    "----,04;----,04;----,04;---m,04",
    "-j--,02;-j--,02;---m,02;---m,02;---k,02;---k,02;--m-,02;--m-,02",
    "-e--,02;-e--,02;---h,02;---h,02;---f,02;---f,02;--h-,02;--h-,02",
    "-e--,02;-e--,02;---h,02;---h,02;---f,02;---f,02;--h-,02;--h-,02",
    "-j--,02;-j--,02;---m,02;---m,02;---k,02;---k,02;--m-,02;--m-,02",
    "-j--,02;-j--,02;---m,02;---m,02;---k,02;---k,02;--m-,02;--m-,02",
    "--a-,04;----,04;----,04;----,04"
]
}