{
"title":"",
"tempo":"80",
"beats":"4",
"composer":"",
"capo":"0",
"instrument":"ukulele",
"tuning":"g3,c4,e4,a4",
"bars":[
    "----,04;----,04;----,04;c---,04",
    "-c--,04;--a-,02;--b-,02;--d-,04;---a,02;---b,02",
    "---b,02;---a,02;---a,02;--b-,02;-c--,04;-c--,02;--b-,02",
    "--b-,02;--a-,02;--a-,02;-b--,02;-b--,01;c---,07",
    "----,04;----,04;----,04;c---,04",
    "-c--,02;-c--,02;--a-,02;--b-,02;--d-,04;---a,02;---b,02",
    "---b,02;---a,02;---a,02;--b-,02;-c--,04;-c--,02;--b-,02",
    "--b-,02;--a-,02;--a-,02;-a--,02;-a--,01;c---,07",
    "----,04;----,04;----,04;----,02;c---,02",
    "c---,02;-b--,02;--a-,02;--b-,02;-c--,04;---a,02;--e-,02",
    "-ca-,04;-bd-,02;--c-,02;-c--,06;-c--,02",
    "e-b-,02;--a-,02;d-a-,02;-c--,02;---a,06;c---,02",
    "c---,02;-b--,02;--a-,02;--b-,02;-c--,02;---a,02;---a,02;--e-,02",
    "--a-,02;--a-,02;--d-,02;--c-,02;-c--,06;-c--,02",
    "--b-,06;--a-,01;--b-,01;--a-,06;-c--,02",
    "-c--,16"
]
}