{
"title":"",
"tempo":"140",
"beats":"3",
"composer":"zoe-anne wadey",
"capo":"0",
"instrument":"ukulele",
"tuning":"g3,c4,e4,a4",
"bars":[
    "----,04;----,04;-a--,04",
    "c-b-,08;--b-,04",
    "-ed-,08;---a,04",
    "-c-d,08;---a,04",
    "-ad-,08;---b,04",
    "--ba,08;--b-,04",
    "-eb-,08;---a,04",
    "-cd-,08;--a-,04",
    "aa--,08;-a--,04",
    "c-b-,08;--b-,04",
    "-ed-,08;---a,04",
    "-c-d,08;---a,04",
    "-ad-,08;---b,04",
    "--ba,08;--b-,04",
    "-cb-,04;--d-,04;---a,04",
    "-ad-,08;d---,04",
    "c-b-,12"
]
}