{
"title":"",
"tempo":"80",
"beats":"4",
"composer":"",
"capo":"0",
"instrument":"ukulele",
"tuning":"g3,c4,e4,a4",
"bars":[
    "----,04;----,04;----,04;----,02;-c--,02",
    "-cc-,02;-cc-,02;-cc-,02;--a-,01;-c--,01;--ca,06;---a,01;--d-,01",
    "-cc-,02;-cc-,02;-cc-,02;--a-,01;-c--,01;--ca,06;---a,01;--d-,01",
    "-cc-,02;--d-,01;---a,01;-ed-,02;-cc-,02;-ba-,02;-b--,02;c---,02;-c--,02",
    "-cc-,02;-cc-,02;-cc-,02;--a-,01;-c--,01;--ca,06;---a,01;--d-,01",
    "-cc-,02;-cc-,02;-cc-,02;--a-,01;-c--,01;--ca,06;---a,01;--d-,01",
    "-cc-,02;--d-,01;---a,01;-ed-,02;-cc-,02;-ba-,06;-c--,02",
    "--ca,02;-ed-,01;-cc-,01;-ed-,02;--ca,02;--dc,02;--ca,04;-c--,02",
    "--ca,02;-ed-,01;-cc-,01;-ed-,02;--ca,02;--dc,02;--ca,04;-c--,02",
    "--dc,02;--ca,04;-ed-,02;-cc-,02;--a-,01;-c--,01;-ba-,04",
    "-c--,06;-c--,02;--ca,02;-ed-,01;-cc-,01;-ed-,02;--ca,02",
    "--dc,02;--ca,04;--c-,02;--ca,02;-ed-,01;-cc-,01;-ed-,02;--ca,02",
    "--dc,02;--ca,04;-c--,02;--dc,02;--ca,04;-ed-,02",
    "-cc-,02;--a-,01;-c--,01;-ba-,04;-c--,08"
]
}