{
"title":"",
"tempo":"120",
"beats":"6",
"composer":"daniel ward",
"capo":"0",
"instrument":"ukulele",
"tuning":"g3,c4,e4,a4",
"bars":[
    "----,06;----,06;----,06;----,06",
    "---d,04;---d,02;---d,04;---d,02;--d-,04;--a-,02;-c--,04;-a--,02",
    "-c--,06;-c--,04;-a--,02;-c--,06;-c--,04;-a--,02",
    "--a-,04;--d-,02;--d-,04;--d-,02;-c--,04;-a--,02;-c--,04;-a--,02",
    "-b--,04;---a,02;--e-,04;--d-,14",
    "---d,04;---d,02;---d,04;---d,02;--d-,04;--a-,02;-c--,04;-a--,02",
    "-c--,06;-c--,04;-a--,02;-c--,06;-c--,04;-a--,02",
    "--a-,04;--d-,02;--d-,04;--d-,02;-c--,04;-a--,02;-c--,04;-a--,02",
    "-b--,04;---a,02;--e-,04;--d-,14",
    "---c,04;---c,02;---a,04;---c,02;--e-,04;--a-,04;----,04",
    "---d,04;---a,02;---d,04;---a,02;--d-,06;--e-,06",
    "--f-,04;---a,02;--d-,04;---a,02;--c-,04;---a,02;--b-,04;---a,02",
    "--a-,24"
]
}