{
"title":"",
"tempo":"80",
"beats":"4",
"composer":"zoe-anne wadey",
"capo":"0",
"instrument":"ukulele",
"tuning":"g3,c4,e4,a4",
"bars":[
    "----,04;----,04;----,04;----,04",
    "---a,08;-c--,02;--a-,02;--b-,02;--d-,02",
    "---a,06;--b-,02;---a,06;--b-,02",
    "---a,06;-c--,02;--b-,02;-c--,02;d---,02;--b-,02",
    "-c--,10;--d-,02;--b-,02;--a-,02",
    "---a,08;-c--,02;--a-,02;--b-,02;--d-,02",
    "---a,06;--b-,02;---a,06;--b-,02",
    "---a,06;-c--,02;--b-,02;-c--,02;d---,02;--b-,02",
    "-c--,12;-c--,04",
    "--a-,04;--b-,04;--d-,04;---a,02;---b,02",
    "---d,06;---b,02;---a,04;---b,02;---d,02",
    "---f,06;---d,02;--g-,04;---d,02;---f,02",
    "---h,06;---f,02;--f-,02;-f--,02;-e--,02;-c--,02",
    "--a-,04;--b-,04;--d-,04;---a,02;---b,02",
    "---d,06;---b,02;---a,04;---b,02;---d,02",
    "---f,06;---d,02;--g-,04;---d,02;---f,02",
    "---g,06;--g-,02;-h--,04;--g-,02;---g,02",
    "---h,06;--h-,02;---h,06;---a,02",
    "---a,08;-c--,02;--a-,02;--b-,02;--d-,02",
    "---a,06;--b-,02;---a,06;--b-,02",
    "---a,06;-c--,02;--b-,02;-c--,02;d---,02;--b-,02",
    "-c--,16"
]
}