{
"title":"",
"tempo":"100",
"beats":"4",
"composer":"",
"capo":"0",
"instrument":"ukulele",
"tuning":"g3,c4,e4,a4",
"bars":[
    "----,04;----,04;----,04;----,04",
    "-c--,04;--d-,04;-c--,04;--d-,04",
    "--c-,04;--a-,04;--c-,04;--a-,04",
    "-c--,04;--d-,04;-c--,04;--d-,04",
    "--c-,04;--d-,04;---a,08",
    "-c--,04;--d-,04;-c--,04;--d-,04",
    "--c-,04;--a-,04;--c-,04;--a-,04",
    "-c--,08;---c,06;---a,02",
    "--d-,04;--c-,04;--d-,08",
    "---c,06;---a,02;--d-,04;---c,04",
    "---d,08;---a,08",
    "---c,06;---a,02;--d-,04;---c,04",
    "---a,04;--c-,04;-c--,08",
    "---c,06;---a,02;--d-,04;---c,04",
    "---d,08;---a,08",
    "-c--,08;---c,06;---a,02",
    "--d-,04;--c-,04;--d-,08"
]
}