{
    "frames":{
        "chordbutton_down": {
            "frame":{ "x":948,"y":320,"w":32,"h":66 },
            "rotated":false,
            "trimmed":false,
            "spriteSourceSize":{ "x":0,"y":0,"w":32,"h":66 },
            "sourceSize":{ "w":32,"h":66 }
        },
        "sphere_blue": {
            "frame":{ "x":700,"y":892,"w":83,"h":83 },
            "rotated":false,
            "trimmed":false,
            "spriteSourceSize":{ "x":0,"y":0,"w":83,"h":83 },
            "sourceSize":{ "w":83,"h":83 }
        },
        "i_slower": {
            "frame":{ "x":0,"y":648,"w":128,"h":128 },
            "rotated":false,
            "trimmed":false,
            "spriteSourceSize":{ "x":0,"y":0,"w":128,"h":128 },
            "sourceSize":{ "w":128,"h":128 }
        },
        "notebutton_up_10": {
            "frame":{ "x":948,"y":136,"w":54,"h":62 },
            "rotated":false,
            "trimmed":false,
            "spriteSourceSize":{ "x":0,"y":0,"w":54,"h":62 },
            "sourceSize":{ "w":54,"h":62 }
        },
        "sinecurve_120": {
            "frame":{ "x":896,"y":468,"w":120,"h":130 },
            "rotated":false,
            "trimmed":false,
            "spriteSourceSize":{ "x":0,"y":0,"w":120,"h":130 },
            "sourceSize":{ "w":120,"h":130 }
        },
        "icon_frame": {
            "frame":{ "x":948,"y":200,"w":54,"h":54 },
            "rotated":false,
            "trimmed":false,
            "spriteSourceSize":{ "x":0,"y":0,"w":54,"h":54 },
            "sourceSize":{ "w":54,"h":54 }
        },
        "i_music_off": {
            "frame":{ "x":132,"y":648,"w":128,"h":128 },
            "rotated":false,
            "trimmed":false,
            "spriteSourceSize":{ "x":0,"y":0,"w":128,"h":128 },
            "sourceSize":{ "w":128,"h":128 }
        },
        "chordbutton_up": {
            "frame":{ "x":984,"y":320,"w":32,"h":66 },
            "rotated":false,
            "trimmed":false,
            "spriteSourceSize":{ "x":0,"y":0,"w":32,"h":66 },
            "sourceSize":{ "w":32,"h":66 }
        },
        "notebutton_up_0": {
            "frame":{ "x":948,"y":256,"w":44,"h":62 },
            "rotated":false,
            "trimmed":false,
            "spriteSourceSize":{ "x":0,"y":0,"w":44,"h":62 },
            "sourceSize":{ "w":44,"h":62 }
        },
        "i_music_on": {
            "frame":{ "x":264,"y":696,"w":128,"h":128 },
            "rotated":false,
            "trimmed":false,
            "spriteSourceSize":{ "x":0,"y":0,"w":128,"h":128 },
            "sourceSize":{ "w":128,"h":128 }
        },
        "rectangle": {
            "frame":{ "x":356,"y":484,"w":182,"h":128 },
            "rotated":false,
            "trimmed":false,
            "spriteSourceSize":{ "x":0,"y":0,"w":182,"h":128 },
            "sourceSize":{ "w":182,"h":128 }
        },
        "sinecurve_60": {
            "frame":{ "x":948,"y":64,"w":60,"h":70 },
            "rotated":false,
            "trimmed":false,
            "spriteSourceSize":{ "x":0,"y":0,"w":60,"h":70 },
            "sourceSize":{ "w":60,"h":70 }
        },
        "i_normal": {
            "frame":{ "x":396,"y":696,"w":128,"h":128 },
            "rotated":false,
            "trimmed":false,
            "spriteSourceSize":{ "x":0,"y":0,"w":128,"h":128 },
            "sourceSize":{ "w":128,"h":128 }
        },
        "notebutton_up_150": {
            "frame":{ "x":644,"y":828,"w":194,"h":62 },
            "rotated":false,
            "trimmed":false,
            "spriteSourceSize":{ "x":0,"y":0,"w":194,"h":62 },
            "sourceSize":{ "w":194,"h":62 }
        },
        "i_metronome_on": {
            "frame":{ "x":528,"y":696,"w":128,"h":128 },
            "rotated":false,
            "trimmed":false,
            "spriteSourceSize":{ "x":0,"y":0,"w":128,"h":128 },
            "sourceSize":{ "w":128,"h":128 }
        },
        "notebutton_up_200": {
            "frame":{ "x":396,"y":828,"w":244,"h":62 },
            "rotated":false,
            "trimmed":false,
            "spriteSourceSize":{ "x":0,"y":0,"w":244,"h":62 },
            "sourceSize":{ "w":244,"h":62 }
        },
        "roundbutton": {
            "frame":{ "x":644,"y":0,"w":300,"h":300 },
            "rotated":false,
            "trimmed":false,
            "spriteSourceSize":{ "x":0,"y":0,"w":300,"h":300 },
            "sourceSize":{ "w":300,"h":300 }
        },
        "dstring": {
            "frame":{ "x":0,"y":932,"w":143,"h":25 },
            "rotated":false,
            "trimmed":false,
            "spriteSourceSize":{ "x":0,"y":0,"w":143,"h":25 },
            "sourceSize":{ "w":143,"h":25 }
        },
        "i_faster": {
            "frame":{ "x":660,"y":696,"w":128,"h":128 },
            "rotated":false,
            "trimmed":false,
            "spriteSourceSize":{ "x":0,"y":0,"w":128,"h":128 },
            "sourceSize":{ "w":128,"h":128 }
        },
        "sphere_yellow": {
            "frame":{ "x":924,"y":696,"w":88,"h":88 },
            "rotated":false,
            "trimmed":false,
            "spriteSourceSize":{ "x":0,"y":0,"w":88,"h":88 },
            "sourceSize":{ "w":88,"h":88 }
        },
        "i_play_on": {
            "frame":{ "x":792,"y":696,"w":128,"h":128 },
            "rotated":false,
            "trimmed":false,
            "spriteSourceSize":{ "x":0,"y":0,"w":128,"h":128 },
            "sourceSize":{ "w":128,"h":128 }
        },
        "string": {
            "frame":{ "x":0,"y":912,"w":249,"h":19 },
            "rotated":false,
            "trimmed":false,
            "spriteSourceSize":{ "x":0,"y":0,"w":249,"h":19 },
            "sourceSize":{ "w":249,"h":19 }
        },
        "notebutton_up_66": {
            "frame":{ "x":784,"y":892,"w":110,"h":62 },
            "rotated":false,
            "trimmed":false,
            "spriteSourceSize":{ "x":0,"y":0,"w":110,"h":62 },
            "sourceSize":{ "w":110,"h":62 }
        },
        "sinecurve_90": {
            "frame":{ "x":540,"y":484,"w":90,"h":100 },
            "rotated":false,
            "trimmed":false,
            "spriteSourceSize":{ "x":0,"y":0,"w":90,"h":100 },
            "sourceSize":{ "w":90,"h":100 }
        },
        "notebutton_up_25": {
            "frame":{ "x":948,"y":0,"w":69,"h":62 },
            "rotated":false,
            "trimmed":false,
            "spriteSourceSize":{ "x":0,"y":0,"w":69,"h":62 },
            "sourceSize":{ "w":69,"h":62 }
        },
        "notebutton_up_40": {
            "frame":{ "x":896,"y":892,"w":84,"h":62 },
            "rotated":false,
            "trimmed":false,
            "spriteSourceSize":{ "x":0,"y":0,"w":84,"h":62 },
            "sourceSize":{ "w":84,"h":62 }
        },
        "background": {
            "frame":{ "x":0,"y":0,"w":640,"h":480 },
            "rotated":false,
            "trimmed":false,
            "spriteSourceSize":{ "x":0,"y":0,"w":640,"h":480 },
            "sourceSize":{ "w":640,"h":480 }
        },
        "notebutton_up_250": {
            "frame":{ "x":704,"y":632,"w":294,"h":62 },
            "rotated":false,
            "trimmed":false,
            "spriteSourceSize":{ "x":0,"y":0,"w":294,"h":62 },
            "sourceSize":{ "w":294,"h":62 }
        },
        "sphere_green": {
            "frame":{ "x":396,"y":892,"w":88,"h":88 },
            "rotated":false,
            "trimmed":false,
            "spriteSourceSize":{ "x":0,"y":0,"w":88,"h":88 },
            "sourceSize":{ "w":88,"h":88 }
        },
        "sinecurve_200": {
            "frame":{ "x":0,"y":484,"w":200,"h":160 },
            "rotated":false,
            "trimmed":false,
            "spriteSourceSize":{ "x":0,"y":0,"w":200,"h":160 },
            "sourceSize":{ "w":200,"h":160 }
        },
        "notebutton_up_100": {
            "frame":{ "x":840,"y":828,"w":144,"h":62 },
            "rotated":false,
            "trimmed":false,
            "spriteSourceSize":{ "x":0,"y":0,"w":144,"h":62 },
            "sourceSize":{ "w":144,"h":62 }
        },
        "notebutton_up_300": {
            "frame":{ "x":356,"y":632,"w":344,"h":62 },
            "rotated":false,
            "trimmed":false,
            "spriteSourceSize":{ "x":0,"y":0,"w":344,"h":62 },
            "sourceSize":{ "w":344,"h":62 }
        },
        "i_metronome_off": {
            "frame":{ "x":0,"y":780,"w":128,"h":128 },
            "rotated":false,
            "trimmed":false,
            "spriteSourceSize":{ "x":0,"y":0,"w":128,"h":128 },
            "sourceSize":{ "w":128,"h":128 }
        },
        "i_restart": {
            "frame":{ "x":132,"y":780,"w":128,"h":128 },
            "rotated":false,
            "trimmed":false,
            "spriteSourceSize":{ "x":0,"y":0,"w":128,"h":128 },
            "sourceSize":{ "w":128,"h":128 }
        },
        "i_play_off": {
            "frame":{ "x":264,"y":828,"w":128,"h":128 },
            "rotated":false,
            "trimmed":false,
            "spriteSourceSize":{ "x":0,"y":0,"w":128,"h":128 },
            "sourceSize":{ "w":128,"h":128 }
        },
        "notebutton_up_75": {
            "frame":{ "x":580,"y":892,"w":119,"h":62 },
            "rotated":false,
            "trimmed":false,
            "spriteSourceSize":{ "x":0,"y":0,"w":119,"h":62 },
            "sourceSize":{ "w":119,"h":62 }
        },
        "sinecurve_150": {
            "frame":{ "x":204,"y":484,"w":150,"h":160 },
            "rotated":false,
            "trimmed":false,
            "spriteSourceSize":{ "x":0,"y":0,"w":150,"h":160 },
            "sourceSize":{ "w":150,"h":160 }
        },
        "sinecurve_30": {
            "frame":{ "x":948,"y":388,"w":30,"h":40 },
            "rotated":false,
            "trimmed":false,
            "spriteSourceSize":{ "x":0,"y":0,"w":30,"h":40 },
            "sourceSize":{ "w":30,"h":40 }
        },
        "sphere_red": {
            "frame":{ "x":488,"y":892,"w":88,"h":88 },
            "rotated":false,
            "trimmed":false,
            "spriteSourceSize":{ "x":0,"y":0,"w":88,"h":88 },
            "sourceSize":{ "w":88,"h":88 }
        },
        "sinecurve_300": {
            "frame":{ "x":644,"y":304,"w":300,"h":160 },
            "rotated":false,
            "trimmed":false,
            "spriteSourceSize":{ "x":0,"y":0,"w":300,"h":160 },
            "sourceSize":{ "w":300,"h":160 }
        },
        "sinecurve_250": {
            "frame":{ "x":644,"y":468,"w":250,"h":160 },
            "rotated":false,
            "trimmed":false,
            "spriteSourceSize":{ "x":0,"y":0,"w":250,"h":160 },
            "sourceSize":{ "w":250,"h":160 }
        }
    },
    "meta":{
        "app":"Paul Robson's Python texture packer",
        "version":"1.0",
        "image":"sprites.png",
        "size":{
             "w":1024,
             "h":982
         },
         "scale":1
    }
}
