{
"title":"",
"tempo":"80",
"beats":"4",
"composer":"trad arr. zoe-anne wadey",
"capo":"0",
"instrument":"ukulele",
"tuning":"g3,c4,e4,a4",
"bars":[
    "----,04;----,04;----,04;----,04",
    "--d-,04;--d-,04;--a-,02;--d-,02;---d,02;---f,02",
    "---h,02;---h,02;---h,02;---f,02;---d,08",
    "---a,04;---a,04;---d,02;---c,02;---d,02;---a,02",
    "--d-,02;---a,02;--d-,02;--a-,02;--d-,08",
    "--d-,04;--d-,04;--a-,02;--d-,02;---d,02;---f,02",
    "---h,02;---h,02;---h,02;---f,02;---d,04;---d,02;---d,02",
    "---f,04;---f,04;---d,04;---c,04",
    "---d,16",
    "-ad-,06;--b-,02;-aa-,02;--d-,02;---d,02;---f,02",
    "-a-h,08;-a-d,08",
    "--ba,06;---c,02;--bd,02;---c,02;---d,02;---a,02",
    "-ad-,08;-aa-,08",
    "-ad-,06;--b-,02;-aa-,02;--d-,02;---d,02;---f,02",
    "--hh,08;--ad,04;---d,02;---d,02",
    "--bf,04;---f,04;--bd,04;---c,04",
    "--ad,08;-a--,08",
    "aad-,04;aad-,02;aab-,02;aaa-,02;aad-,02;aaad,02;aaaf,02",
    "aaad,02;aaad,02;aaad,02;aaad,02;aaad,04;aaad,04",
    "caba,04;caba,02;caba,02;cabd,02;cabc,02;cabd,02;caba,02",
    "aad-,02;aad-,02;aad-,02;aad-,02;aad-,04;aad-,04",
    "aad-,04;aad-,02;aab-,02;aaa-,02;aad-,02;aaad,02;aaaf,02",
    "eeeh,02;eeeh,02;eeeh,02;eeef,02;fefd,04;eefd,02;eefd,02",
    "ceff,04;ceff,04;acbd,04;acbc,04",
    "aaad,16"
]
}