{
"title":"",
"tempo":"80",
"beats":"3",
"composer":"bach arr. zoe-anne wadey",
"capo":"0",
"instrument":"ukulele",
"tuning":"g3,c4,e4,a4",
"bars":[
    "----,04;----,04;----,04",
    "---c,04;---c,02;---a,02;---c,04",
    "--d-,04;---a,02;--c-,02;--d-,04",
    "-c--,04;--a-,04;--c-,04",
    "--d-,02;--c-,02;--d-,02;---a,02;--d-,02;---a,02",
    "---c,04;---a,04;---a,02;---c,01;---d,01",
    "---c,02;---a,02;---c,02;---d,02;---f,02;---c,02",
    "--d-,04;---d,04;---c,04",
    "---a,12",
    "---f,04;---f,02;---e,02;---f,04",
    "--c-,04;--d-,02;--a-,02;--c-,04",
    "---f,04;---f,02;---e,02;---f,04",
    "---a,04;--c-,08",
    "---d,04;---c,04;---a,04",
    "--d-,04;--d-,02;---a,02;---c,04",
    "---c,02;---a,02;---d,04;---c,04",
    "---a,02;--d-,02;---a,02;--c-,02;--d-,02;---a,02",
    "---c,04;--a-,04;-d--,04",
    "--a-,06;--d-,02;--c-,02;---a,02",
    "----,02;-a--,02;--c-,02;--a-,02;--b-,04",
    "----,02;a---,02;--b-,02;-c--,02;--a-,02;-a--,02",
    "c---,02;e---,02;-a--,02;-c--,02;--a-,02;c---,02",
    "----,02;--c-,02;--a-,02;-a--,02;-c--,02;e---,02",
    "a---,02;c---,02;e---,02;-a--,02;-c--,02;e---,02",
    "-a--,02;a---,02;c---,02;-a--,02;--c-,02;c---,02",
    "e---,02;-c--,02;--a-,02;--d-,02;---a,02;---d,02",
    "--d-,02;--c-,02;--d-,02;--c-,02;--a-,02;-c--,02",
    "---c,04;---c,02;---a,02;---c,04",
    "--d-,04;---a,02;--c-,02;--d-,04",
    "----,02;----,02;----,02;e---,02;-c--,02;--b-,02",
    "----,02;a---,02;--b-,02;-c--,02;--a-,02;-a--,02",
    "----,02;--d-,02;--c-,02;---a,02;---d,02;----,02",
    "----,02;-c--,02;---a,02;---d,02;---c,04",
    "---a,04;-c--,04;--c-,04",
    "--d-,12"
]
}