{
"title":"",
"tempo":"80",
"beats":"3",
"composer":"bach arr. zoe-anne wadey",
"capo":"0",
"instrument":"ukulele",
"tuning":"g3,c4,e4,a4",
"bars":[
    "----,04;----,04;----,04",
    "--d-,04;-a--,02;-c--,02;--a-,02;--b-,02",
    "--d-,04;-a--,04;-a--,04",
    "---a,04;--b-,02;--d-,02;---a,02;---c,02",
    "---d,04;-a--,04;-a--,04",
    "--b-,04;--d-,02;--b-,02;--a-,02;-c--,02",
    "--a-,04;--b-,02;--a-,02;-c--,02;-a--,02",
    "e---,04;-a--,02;-c--,02;--a-,02;-a--,02",
    "-c--,12",
    "--d-,04;-a--,02;-c--,02;--a-,02;--b-,02",
    "--d-,04;-a--,04;-a--,04",
    "---a,04;--b-,02;--d-,02;---a,02;---c,02",
    "---d,04;-a--,04;-a--,04",
    "--b-,04;--d-,02;--b-,02;--a-,02;-c--,02",
    "--a-,04;--b-,02;--a-,02;-c--,02;-a--,02",
    "-c--,04;--a-,02;-c--,02;-a--,02;e---,02",
    "-a--,12",
    "---h,04;--i-,02;---f,02;---h,02;--i-,02",
    "---f,04;--d-,02;---a,02;---c,02;--d-,02",
    "---d,04;---a,02;---c,02;---d,02;--d-,02",
    "--c-,04;--a-,02;--c-,02;-c--,04",
    "-c--,02;--a-,02;--c-,02;--d-,02;---a,02;---c,02",
    "---d,04;---c,04;---a,04",
    "---c,04;-c--,04;--c-,04",
    "--d-,12",
    "--d-,04;-a--,02;e---,02;-a--,04",
    "---a,04;-a--,02;e---,02;-a--,04",
    "--d-,04;--b-,04;--a-,04",
    "-c--,02;-a--,02;e---,02;-a--,02;-c--,04",
    "a---,02;c---,02;e---,02;-a--,02;-c--,02;--a-,02",
    "--b-,04;--a-,04;-c--,04",
    "--a-,02;--d-,02;-a--,04;e---,04",
    "aa--,12"
]
}