{
"title":"",
"tempo":"80",
"beats":"3",
"composer":"robert devisee arr. zoe-anne wadey",
"capo":"0",
"instrument":"ukulele",
"tuning":"g3,c4,e4,a4",
"bars":[
    "----,04;----,04;----,04",
    "acdc,04;---d,02;---c,02;---a,02;---c,02",
    "a-d-,04;-gff,08",
    "acdc,08;-aac,02;---d,02",
    "acca,08;---a,04",
    "acdc,04;---d,02;---c,02;---a,02;---c,02",
    "a-d-,04;-gff,08",
    "-cdc,04;---c,04;-aac,02;---d,02",
    "acca,12",
    "ccca,04;---a,02;---c,02;---d,04",
    "acdc,04;e---,02;-a--,02;-c--,04",
    "-aaa,02;---c,02;---d,02;---c,02;---a,02;--d-,02",
    "acca,04;--a-,02;--c-,02;-cd-,04",
    "ccca,04;---a,02;---c,02;---d,04",
    "acdc,04;---d,02;---c,02;---a,02;--d-,02",
    "-cca,04;---c,02;---a,02;--d-,02;--c-,02",
    "acc-,04;--d-,08"
]
}