{
"title":"",
"tempo":"118",
"beats":"3",
"composer":"trad arr. zoe-anne wadey",
"capo":"0",
"instrument":"ukulele",
"tuning":"g3,c4,e4,a4",
"bars":[
    "----,04;----,04;----,04",
    "-a--,04;--a-,04;--d-,04",
    "f--d,04;-ed-,04;-ed-,04",
    "h--f,04;-ff-,04;-ff-,04",
    "acdc,04;---a,04;--d-,04",
    "c--a,04;-ab-,04;-ab-,04",
    "a-d-,04;aa--,04;aa--,04",
    "aa--,04;ec--,04;fe--,04",
    "e-d-,04;-e--,04;-e--,04",
    "c--a,04;-aa-,04;-aa-,04",
    "-ed-,04;fe--,04;ca--,04",
    "ac--,04;a---,04;c---,04",
    "ec--,04;f---,04;h---,04",
    "-ed-,04;fe--,04;-ed-,04",
    "c--d,04;-ab-,04;-ab-,04",
    "c--a,04;-ab-,04;-ab-,04",
    "aad-,04;-e--,04;-a--,04",
    "ca--,04;e---,04;f---,04",
    "ac--,04;c---,04;e---,04",
    "f-a-,04;ec--,04;c-a-,04",
    "a-d-,04;-a--,04;-a--,04",
    "c--a,04;-ab-,04;-ab-,04",
    "ac--,04;--a-,04;-c--,04",
    "fa--,04;j---,04;m---,04",
    "ka--,04;j---,04;h---,04",
    "fa--,12"
]
}