{
"title":"",
"tempo":"60",
"beats":"4",
"composer":"robert devisee arr. zoe-anne wadey",
"capo":"0",
"instrument":"ukulele",
"tuning":"g3,c4,e4,a4",
"bars":[
    "----,04;----,04;----,04;----,04",
    "----,02;---f,02;---d,02;---f,02;---a,02;---d,02;---b,02;---a,02",
    "--db,02;---b,02;--ba,02;---b,02;-ed-,02;--d-,02;-dd-,02;---a,02",
    "-cc-,02;-c--,02;c---,02;-a--,02;d---,02;--d-,02;d-c-,03;a-d-,01",
    "--ca,02;---d,02;-c-b,02;---a,02;--db,02;--bd,02;-ddd,03;---f,01",
    "cccf,02;---f,02;--ca,02;---d,02;a--c,02;--d-,02;-c--,02;--b-,02",
    "--a-,02;---d,02;-ad-,02;--b-,02;--ba,02;--b-,02;-a--,02;-d--,02",
    "-c--,02;dcbb,02;dcbb,02;---a,02;-dd-,02;---g,02;-adg,02;---f,02",
    "-a-d,02;---b,02;-b-a,03;---a,01;-cca,04;-c--,01;---d,01;---b,01;---a,01",
    "-dd-,01;-f--,01;-d--,01;-c--,01;-ad-,01;---b,01;---a,01;--d-,01;ccc-,06;--d-,02",
    "acd-,16"
]
}